{"cameraMode":{"drawMode":0,"name":"Shaded","section":"Shading Mode"},"sceneLighting":true,"audioPlay":false,"sceneViewState":{"m_AlwaysRefresh":false,"showFog":true,"showSkybox":true,"showFlares":true,"showImageEffects":true,"showParticleSystems":true,"showVisualEffectGraphs":true,"m_FxEnabled":true},"in2DMode":false,"pivot":{"x":0.2729344367980957,"y":1.2726407051086426,"z":0.14830303192138673},"rotation":{"x":0.026677798479795457,"y":0.9721169471740723,"z":-0.18897967040538789,"w":0.13740545511245728},"size":1.6927928924560547,"orthographic":true}