{"cameraMode":{"drawMode":0,"name":"Shaded","section":"Shading Mode"},"sceneLighting":false,"audioPlay":false,"sceneViewState":{"m_AlwaysRefresh":false,"showFog":true,"showSkybox":false,"showFlares":true,"showImageEffects":true,"showParticleSystems":true,"showVisualEffectGraphs":true,"m_FxEnabled":true},"in2DMode":false,"pivot":{"x":-19.987146377563478,"y":24.804229736328126,"z":-10.084447860717774},"rotation":{"x":-0.9857208728790283,"y":0.010391676798462868,"z":0.15442442893981934,"w":0.06633663177490235},"size":1.0306600332260132,"orthographic":true}